<?xml version="1.0" encoding="UTF-8"?>
<templates id="template" xml:space="preserve">

    <t t-extend="DashboardMain">
        <t t-jquery=".o_web_settings_dashboard_apps" t-operation="after">
            <div class="mt8 row mr0 ml0">
                <div class="col-lg-6 col-6 col-md-6">
                    <a class="d-block mx-auto" href="https://play.google.com/store/apps/details?id=com.odoo.mobile" target="_blank">
                        <img class="d-block mx-auto img img-fluid" src="/web_mobile/static/src/img/google_play.png" alt="On Google Play"/>
                    </a>
                </div>
                <div class="col-lg-6 col-6 col-md-6">
                    <a class="d-block mx-auto" href="https://itunes.apple.com/us/app/odoo/id1272543640" target="_blank">
                        <img class="d-block mx-auto img img-fluid" src="/web_mobile/static/src/img/app_store.png" alt="On Apple Store"/>
                    </a>
                </div>
            </div>
        </t>
    </t>

</templates>
